class	occurrences
action-beat	6
beat	296
bf-band	3
bf-item	11
bf-key	11
bf-source	5
bf-title	3
briefing-block	3
chapter-header	120
chapter-number	120
chapter-rule	120
chapter-title	120
chat-bubble	157
chat-clear	152
chat-container	72
chat-header	64
chat-meta	8
chat-name	152
chat-received	83
chat-sent	74
chat-sticker	10
comment-floor	21
comment-header	6
comment-item	21
comment-thread	6
contract-block	6
ct-clause	17
ct-figure	16
ct-header	6
ct-note	6
dg-field	18
dg-header	3
dg-label	18
dg-note	3
dg-value	18
dialogue-line	3724
dossier-block	3
fb-header	33
fb-label	146
fb-row	146
fb-value	146
finance-block	33
hand-note	2
highlight	63
highlight2	4
hn-label	2
lb-header	1
lb-note	1
lect-header	16
lect-q	36
lecture-block	16
location-stamp	224
ls-date	224
ls-place	224
ls-sub	224
lyric	2
lyric-block	1
mb-label	2
mb-voice	2
memory-block	2
nd-headline	3
nd-source	2
news-digest	2
notification	8
page-wrapper	120
pc-head	32
pc-me	100
pc-note	38
pc-them	119
performance-block	3
pf-header	3
phone-call	44
pullquote	48
scene-break	155
screen-view	2
self	69
sound-effect	74
sv-caption	1
sv-header	2
sv-line	1
sv-note	2
sv-scene	3
sys-ding	1
sys-header	22
sys-key	74
sys-line	74
sys-note	19
sys-value	74
system-block	22
thought	480
wardrobe-block	17
wd-caption	17
wd-effect	17
wd-header	17
wd-label	70
wd-note	17
wd-photo	17
wd-tag	17
